variant,feature,winner_model,importance_mean_nonneg,importance_rank,ablation_delta_auc_mean,stability_score,winner_model_reliability_score,FRS,FRS_rank,feature_class
BIOMARKERS,72_kda_pro_mmp_2,RF_SHALLOW,0.2856825396825396,1.0,0.13761904761904753,0.803864989980066,0.774778728984032,1.0,1.0,SPURIOUS_IMPORTANCE
BIOMARKERS,hdl,RF_SHALLOW,0.021031746031746,5.0,0.4747619047619047,0.7653114540146704,0.774778728984032,0.936306330473933,2.0,HIDDEN_SIGNAL
BIOMARKERS,wyniki_fgf23_pg_ml,RF_SHALLOW,0.0489523809523809,3.0,0.3404761904761904,0.86840249585146,0.774778728984032,0.6009031392435973,3.0,LOW_SIGNAL
BIOMARKERS,emmprin,RF_SHALLOW,0.0588412698412698,2.0,0.24523809523809514,0.9236317878474936,0.774778728984032,0.5879899021059449,4.0,LOW_SIGNAL
BIOMARKERS,tnfalfa_pg_ml,RF_SHALLOW,0.0293333333333333,4.0,0.40380952380952373,0.8162108436691904,0.774778728984032,0.5639660691831181,5.0,LOW_SIGNAL
BIOMARKERS,non_hdl_calkowity_hdl,RF_SHALLOW,0.0,8.0,0.5819047619047618,0.572409034310543,0.774778728984032,0.4551810678452777,6.0,HIDDEN_SIGNAL
BIOMARKERS,ldl,RF_SHALLOW,0.0014444444444444,6.0,0.4647619047619046,0.6853219971396985,0.774778728984032,0.444854792461978,7.0,HIDDEN_SIGNAL
BIOMARKERS,wyniki_klotho_pg_ml,RF_SHALLOW,0.0,9.0,0.5566666666666664,0.5168534787549874,0.774778728984032,0.39264522981917976,8.0,HIDDEN_SIGNAL
BIOMARKERS,il_6_pg_ml,RF_SHALLOW,0.0008253968253968,7.0,0.429047619047619,0.6289942194192668,0.774778728984032,0.3713481396909908,9.0,LOW_SIGNAL
CLINICAL,wiek_w_momencie_zbiorki,RF_SHALLOW,0.0047301587301587,1.0,0.0,0.5,0.28204128333268474,1.0,1.0,SPURIOUS_IMPORTANCE
CLINICAL,krwawienie,RF_SHALLOW,0.0,6.0,0.03904761904761911,0.90811041219921,0.28204128333268474,0.7772479311797227,3.0,HIDDEN_SIGNAL
CLINICAL,zapalenie_miesnia_serca,RF_SHALLOW,0.0,6.0,0.037142857142857144,0.90811041219921,0.28204128333268474,0.7596332471869804,4.0,HIDDEN_SIGNAL
CLINICAL,ile_lat_mizdzyca_konczyn,RF_SHALLOW,0.0,6.0,0.03142857142857158,0.90811041219921,0.28204128333268474,0.7067891952087574,5.0,LOW_SIGNAL
CLINICAL,ace_i,RF_SHALLOW,0.0,7.0,0.030476190476190546,0.89248541219921,0.28204128333268474,0.6825690047187368,7.0,LOW_SIGNAL
CLINICAL,otylosc_bmi_30,RF_SHALLOW,0.0,18.0,0.04571428571428582,0.72061041219921,0.28204128333268474,0.6539451432305317,8.0,HIDDEN_SIGNAL
CLINICAL,leukocytoza_przyjecie_10000,RF_SHALLOW,0.0,23.0,0.053333333333333455,0.64248541219921,0.28204128333268474,0.6473396367332538,9.0,HIDDEN_SIGNAL
CLINICAL,zaburzenia_homeostazy_glukozy_6,RF_SHALLOW,0.0,17.0,0.0352380952380954,0.73623541219921,0.28204128333268474,0.5724772297641025,11.0,LOW_SIGNAL
CLINICAL,ile_lat_1,RF_SHALLOW,0.0,6.0,0.015238095238095384,0.90811041219921,0.28204128333268474,0.5570643812704539,12.0,LOW_SIGNAL
CLINICAL,crt_d_device,RF_SHALLOW,0.0,6.0,0.01333333333333342,0.90811041219921,0.28204128333268474,0.5394496972777119,13.0,LOW_SIGNAL
CLINICAL,gfr_min,RF_SHALLOW,0.0,12.0,0.018095238095238164,0.81436041219921,0.28204128333268474,0.4910093162976723,14.0,LOW_SIGNAL
CLINICAL,wbc_przyjecie,RF_SHALLOW,0.0002222222222222,5.0,0.0,0.9278785895844859,0.28204128333268474,0.48198866781989086,15.0,LOW_SIGNAL
CLINICAL,wrodzona_wada_serca,RF_SHALLOW,0.0,6.0,0.0028571428571430024,0.90811041219921,0.28204128333268474,0.4425689353176339,16.0,LOW_SIGNAL
CLINICAL,crp_5_zapalenie,RF_SHALLOW,0.0,11.0,0.010476190476190639,0.82998541219921,0.28204128333268474,0.4359634288203558,17.0,LOW_SIGNAL
CLINICAL,arb,RF_SHALLOW,0.0,6.0,0.0,0.90811041219921,0.28204128333268474,0.4161469093285201,18.0,LOW_SIGNAL
CLINICAL,bb,RF_SHALLOW,0.0,6.0,0.0,0.90811041219921,0.28204128333268474,0.4161469093285201,18.0,LOW_SIGNAL
CLINICAL,ile_lat_miazdzyca_t_szyjnych,RF_SHALLOW,0.0,6.0,0.0,0.90811041219921,0.28204128333268474,0.4161469093285201,18.0,LOW_SIGNAL
CLINICAL,stymulator,RF_SHALLOW,0.0,6.0,0.0,0.90811041219921,0.28204128333268474,0.4161469093285201,18.0,LOW_SIGNAL
CLINICAL,bmi,RF_SHALLOW,0.0,22.0,0.021904761904761982,0.6569845224638822,0.28204128333268474,0.37099959660035214,20.0,LOW_SIGNAL
CLINICAL,ile_lat_pali,RF_SHALLOW,0.0,20.0,0.0,0.68936041219921,0.28204128333268474,0.20036703041743562,28.0,LOW_SIGNAL
FULL,92_kda_pro_mmp_9,LR_L1,0.1931111111111111,1.0,0.053333333333333455,1.0,0.9465618089220617,1.0,1.0,SPURIOUS_IMPORTANCE
FULL,wyniki_fgf23_pg_ml,LR_L1,0.0004761904761904,5.0,0.34857142857142875,0.6937993212482854,0.9465618089220617,0.7938396756021324,2.0,HIDDEN_SIGNAL
FULL,emmprin,LR_L1,0.0035238095238095,4.0,0.30285714285714294,0.7649016291173348,0.9465618089220617,0.5569786425675081,3.0,LOW_SIGNAL
FULL,72_kda_pro_mmp_2,LR_L1,0.0308412698412698,2.0,0.13619047619047642,0.7324364185514946,0.9465618089220617,0.5009961423131739,4.0,LOW_SIGNAL
FULL,bmi,LR_L1,0.0002857142857142,6.0,0.3300000000000002,0.627966665321025,0.9465618089220617,0.4981195638695283,5.0,HIDDEN_SIGNAL
FULL,arb,LR_L1,0.0,8.0,0.43047619047619057,0.48623541219920996,0.9465618089220617,0.493117706099605,6.0,HIDDEN_SIGNAL
FULL,ile_lat_mizdzyca_konczyn,LR_L1,0.0,8.0,0.3633333333333334,0.48623541219920996,0.9465618089220617,0.44861013034202923,7.0,HIDDEN_SIGNAL
FULL,crp_5_zapalenie,LR_L1,0.0,8.0,0.34523809523809534,0.48623541219920996,0.9465618089220617,0.43661518084707973,8.0,HIDDEN_SIGNAL
FULL,ile_lat_miazdzyca_t_szyjnych,LR_L1,0.0,8.0,0.33857142857142863,0.48623541219920996,0.9465618089220617,0.43219598892788785,9.0,HIDDEN_SIGNAL
FULL,petlowy,LR_L1,0.0,8.0,0.3371428571428573,0.48623541219920996,0.9465618089220617,0.4312490192309182,10.0,HIDDEN_SIGNAL
FULL,crt_d_device,LR_L1,0.0,8.0,0.3366666666666668,0.48623541219920996,0.9465618089220617,0.43093336266526155,11.0,HIDDEN_SIGNAL
FULL,cad,LR_L1,0.0,8.0,0.3361904761904764,0.48623541219920996,0.9465618089220617,0.43061770609960504,12.0,HIDDEN_SIGNAL
FULL,kwas_moczowy,LR_L1,0.0,8.0,0.3347619047619049,0.48623541219920996,0.9465618089220617,0.4296707364026353,14.0,HIDDEN_SIGNAL
FULL,bb,LR_L1,0.0,8.0,0.3338095238095238,0.48623541219920996,0.9465618089220617,0.4290394232713221,15.0,HIDDEN_SIGNAL
FULL,klop,LR_L1,0.0,8.0,0.3142857142857145,0.48623541219920996,0.9465618089220617,0.41609750407940305,16.0,HIDDEN_SIGNAL
FULL,stymulator,LR_L1,0.0,8.0,0.31285714285714294,0.48623541219920996,0.9465618089220617,0.4151505343824333,17.0,HIDDEN_SIGNAL
FULL,wrodzona_wada_serca,LR_L1,0.0,8.0,0.2990476190476191,0.48623541219920996,0.9465618089220617,0.4059964939783928,18.0,LOW_SIGNAL
FULL,cukrzyca_dm,LR_L1,0.0,8.0,0.2957142857142858,0.48623541219920996,0.9465618089220617,0.40378689801879697,19.0,LOW_SIGNAL
FULL,ile_lat_1,LR_L1,0.0,8.0,0.2723809523809524,0.48623541219920996,0.9465618089220617,0.38831972630162515,20.0,LOW_SIGNAL
FULL,nadcisnienie_tetnicze_nt,LR_L1,0.0,8.0,0.3114285714285715,0.34480844818845463,0.9465618089220617,0.34349008268008585,21.0,HIDDEN_SIGNAL
